
-- app-user (instructors)
INSERT INTO thecoach.app_user (id, flag_deleted, password, user_name, app_role_id) VALUES (1, false, '$2a$10$N0GMVvmzyaubGWL0mBEPTO9rFoH/uEOzBIXdsm3PK1P7AEwmDn/4C', 'keith', 2);
INSERT INTO thecoach.app_user (id, flag_deleted, password, user_name, app_role_id) VALUES (2, false, '$2a$10$GCQVEYJpjz1IT.SYAFIA4udB5KKgQqUCNz8EiOR7PTadaCD6N.Pqm', 'jojitheinstructor', 2);
INSERT INTO thecoach.app_user (id, flag_deleted, password, user_name, app_role_id) VALUES (3, false, '$2a$10$1l0JSkXRX1Rw.dlgNOsk8egUgoKjx4XYL/dEe3v1tyqSlSAILAhCq', 'tiffanitheinstructor', 2);
INSERT INTO thecoach.app_user (id, flag_deleted, password, user_name, app_role_id) VALUES (4, false, '$2a$10$O8AKt8i2Jp.XTvFppsB6U.k5SEmCuGg0jSo4I6fTmjioZiQ5YJKt.', 'lucytheinstructor', 2);
INSERT INTO thecoach.app_user (id, flag_deleted, password, user_name, app_role_id) VALUES (5, false, '$2a$10$KPUNlW3u9P/37O.m63jNweAoDGVMcc8bNKwMkigS.8je.BHkUL98q', 'linguamarinatheinstructor', 2);
INSERT INTO thecoach.app_user (id, flag_deleted, password, user_name, app_role_id) VALUES (6, false, '$2a$10$HNOn9w3zRwt05imxVrHmkulSJSZTNLIb/wnNJkKoE/1wmaAUG9p6K', 'dailyconversation1', 2);
INSERT INTO thecoach.app_user (id, flag_deleted, password, user_name, app_role_id) VALUES (7, false, '$2a$10$SbXOVILiUBu26iZTByV5xOkZrvR7KbwRmhqZZhU0SZd9XzByWJqQ2', 'britishguytheinstructor', 2);
INSERT INTO thecoach.app_user (id, flag_deleted, password, user_name, app_role_id) VALUES (8, false, '$2a$10$GVBFEXvzO7/Ao5GHr6513OktybfKOcrn1NxEY4S9yZm3ThwhdnZ52', 'tofluencytheinstructor', 2);
INSERT INTO thecoach.app_user (id, flag_deleted, password, user_name, app_role_id) VALUES (9, false, '$2a$10$SYpqnOpNhQYc/TvfEb5MPeqyiez9etNJYPJH62CwU4IS2zhmP5w86', 'bbctheinstructor', 2);
INSERT INTO thecoach.app_user (id, flag_deleted, password, user_name, app_role_id) VALUES (10, false, '$2a$10$Cu438rndkb74/b3Ygh4e6etQXiyKyPnkwHSTIcGMjX6vWXPFOdLoG', 'voatheinstructor', 2);
INSERT INTO thecoach.app_user (id, flag_deleted, password, user_name, app_role_id) VALUES (11, false, '$2a$10$mtwqXIm6aihuUunH5QQMqeSZeMWYMHi6amsEeGefI47ZlQVRQDJzW', 'toefl1theinstructor', 2);
INSERT INTO thecoach.app_user (id, flag_deleted, password, user_name, app_role_id) VALUES (12, false, '$2a$10$Fqk6lxPG7v4Z0EZuNvecs.AUoRERdQcTgBu3Zb90MRQiaWd3bbULu', 'toefl2theinstructor', 2);
INSERT INTO thecoach.app_user (id, flag_deleted, password, user_name, app_role_id) VALUES (13, false, '$2a$10$OlodD/PvK8G1hx/4lgx1yOHk5tCFEHA47UyHxh5foKtVZn9SRar7C', 'toefljuvatheinstructor', 2);
INSERT INTO thecoach.app_user (id, flag_deleted, password, user_name, app_role_id) VALUES (14, false, '$2a$10$bt8nQvrsKKYtYMOHxBWEuumlVFKngJxz4LmlwXHzT6T/0c7HTztKK', 'toefl5theinstructor', 2);
INSERT INTO thecoach.app_user (id, flag_deleted, password, user_name, app_role_id) VALUES (15, false, '$2a$10$blLPTEspDmA9hHqKbcoNMOoCCWEvUptTeP.9bpiOAeYaEGjlWSvpi', 'toefl4theinstructor', 2);
INSERT INTO thecoach.app_user (id, flag_deleted, password, user_name, app_role_id) VALUES (16, false, '$2a$10$RxL5zRPsROQx0a7TSLc4q.bofWzuIQBuOtyF1uk98pFI0Dxp1rvt6', 'toeic1theinstructor', 2);
INSERT INTO thecoach.app_user (id, flag_deleted, password, user_name, app_role_id) VALUES (17, false, '$2a$10$4EbsORXafIg01bp9L53Q4OVpp7LFHyVHSMYqUIKTRFsWtzDQOQRwO', 'toeic2theinstructor', 2);
INSERT INTO thecoach.app_user (id, flag_deleted, password, user_name, app_role_id) VALUES (18, false, '$2a$10$zjOZ9hRpehKPYghFBk6/WOqRRsSrZLLnckVWfwqsAMqqPn8EvbaNO', 'tomwallace', 2);
INSERT INTO thecoach.app_user (id, flag_deleted, password, user_name, app_role_id) VALUES (19, false, '$2a$10$atzanixZWlo4jREhlMHJDOfyy7lRxGjT9FH4deFSTjtTriTK4/ieu', 'toeic3theinstructor', 2);
INSERT INTO thecoach.app_user (id, flag_deleted, password, user_name, app_role_id) VALUES (20, false, '$2a$10$yRaXm4ZYRLHZCJJALAgaIOf5u46Od4bnslixOGJXalW/xAbfipa2K', 'toeic4theinstructor', 2);
INSERT INTO thecoach.app_user (id, flag_deleted, password, user_name, app_role_id) VALUES (21, false, '$2a$10$HDgo8/TzsNTUpW3NG7nKUuiEKwFqaxYUX.twCSsD608CAFconOK8m', 'ielts5theinstructor', 2);
INSERT INTO thecoach.app_user (id, flag_deleted, password, user_name, app_role_id) VALUES (22, false, '$2a$10$asfv6xpvqL0CmvDeUsyjreNXMN87VH05VVyp0.oDzHFoeX24Nk0DW', 'ielts1theinstructor', 2);
INSERT INTO thecoach.app_user (id, flag_deleted, password, user_name, app_role_id) VALUES (23, false, '$2a$10$QfwZ3DsW0UHbV1qOctFbCeFmEn9R2MpS.5uTrnmfRODT7x/uX45Bq', 'ielts2theinstructor', 2);
INSERT INTO thecoach.app_user (id, flag_deleted, password, user_name, app_role_id) VALUES (24, false, '$2a$10$2BN43NX0NyzBjQlX6HFY7.sa./0CGv1X1qWxMqxH0FvJi5e/dR7aW', 'ielts3theinstructor', 2);
INSERT INTO thecoach.app_user (id, flag_deleted, password, user_name, app_role_id) VALUES (25, false, '$2a$10$tZqp5f5FCiXX/A9qWca4w.zvFXA2MZLxGIgGdOaZE7P.Gxjjb.JW.', 'ielts4theinstructor', 2);
INSERT INTO thecoach.app_user (id, flag_deleted, password, user_name, app_role_id) VALUES (26, false, '$2a$10$mcFjTlimekpsofqy7E4Di.eR0Fwzwmgpx7mYKvbGO7Cv4kG8XZsWi', 'hannahluu777', 1);
INSERT INTO thecoach.app_user (id, flag_deleted, password, user_name, app_role_id) VALUES (27, false, '$2a$10$.lfFGkyfwltW8lin6UZEJe1p15JxRIQ0yiumiQ24FM5vI7LoZBnSu', 'son', 1);
INSERT INTO thecoach.app_user (id, flag_deleted, password, user_name, app_role_id) VALUES (28, false, '$2a$10$a8//mu5R3UWgKdBOYPorO.Qf.38vCqSReCtR276.2u/O.oedsQKiq', 'minhhanh', 1);
INSERT INTO thecoach.app_user (id, flag_deleted, password, user_name, app_role_id) VALUES (29, false, '$2a$10$7vfBzqrIN2WAGjWSp899Ie2suRLC2rXZS/cfhe/a5e0F3owpGJ.4S', 'hoangyen', 1);




-- course-type

INSERT INTO thecoach.course_type (id, name) VALUES (1, 'IELTS');
INSERT INTO thecoach.course_type (id, name) VALUES (2, 'TOEIC');
INSERT INTO thecoach.course_type (id, name) VALUES (3, 'TOEFL');
INSERT INTO thecoach.course_type (id, name) VALUES (4, 'DAILY CONVERSATION');
INSERT INTO thecoach.course_type (id, name) VALUES (5, 'ENGLISH SPEAKING');


-- courses

INSERT INTO thecoach.courses (id, name, image, description, price, app_user_id, course_type_id) VALUES (1, 'English Speaking Success', 'https://keithspeakingacademy.com/wp-content/uploads/2021/10/Speaking-Success-System-1024x576.png', 'Become a Confident English Speaker
So you are preparing for IELTS, but you may lack confidence when you need to speak English, right?

Maybe you’ve been learning English since you were at school, but you still get stuck when you speak.

Also, and I am just guessing here, sometimes you feel the English in your head is great, but when you speak, it comes out much worse.

If this sounds familiar, then you’re what I call a Struggling English Student but relax, because I can help you become a Confident English Speaker.

Once you are a confident English speaker, you will be able to ace the IELTS Speaking exam.

I have helped over 40,000 students from all over the world, with my online courses.

These courses will develop your speaking skills in a fun way, so that you can face the examiner with confidence and ace the test.', 50, 1, 5);
INSERT INTO thecoach.courses (id, name, image, description, price, app_user_id, course_type_id) VALUES (2, 'English Speaking Course', 'https://yt3.googleusercontent.com/4HiJ5jhukTk_a1r2QahkXxIt6MTOVw9ShVtc7zG-pnf_ARH5LQEKuWh2oMr4A34rFxHj8jdhTA=s176-c-k-c0x00ffffff-no-rj', 'Welcome to English Speaking Course Channel!

Our Channel is created with the aim of helping you improve your English through conversations in DAILY SITUATIONS.
The content of the Course is designed for BEGINNERS, which you will easily practice English including Listening Skills, Speaking Skills, Vocabulary, Grammar and Tips.

We will upload new videos at 5 AM every Tuesday,Thursday, Friday and Saturday.

Hope you will support our channel by liking 👍, commenting ✍️, sharing 📤 and subscribing 🔔 to the channel. 
Thank you very much!', 55, 2, 5);
INSERT INTO thecoach.courses (id, name, image, description, price, app_user_id, course_type_id) VALUES (3, 'Speak English With Tiffani', 'https://www.languagelabsystem.com/images/english-speaking-benefits.jpg', 'Have you studied English for years but still can\'t speak? If so, this channel is for you!
This YouTube channel will teach you how to actually speak English. 

Every week a video will be uploaded that reveals the true secrets to speaking English.
Stop stressing about English, stop simply memorizing vocabulary words, and actually begin learning how to speak today. 

Are you ready? Well then, let\'s jump right in!

MEET TEACHER TIFFANI

Name: Tiffani
What country am I from? America (USA)
What was my previous job? Web Designer for NASA
How long have I been an English teacher? Since 2009
How many students have I taught? Several thousand
How long did I live in South Korea? Almost 10 years
Why did I become an English teacher? To help students enjoy English!
What is my goal as a teacher? To help students speak with confidence!
How can you contact me? tiffani@speakenglishwithtiffani.com
What is my website? http://www.speakenglishwithtiffani.com', 49.99, 3, 5);
INSERT INTO thecoach.courses (id, name, image, description, price, app_user_id, course_type_id) VALUES (4, 'English with Lucy', 'https://yt3.googleusercontent.com/ytc/APkrFKZe4mXBCR8JiQLGHWgwcbb5MfMByggPvHhMjBWh2A=s176-c-k-c0x00ffffff-no-rj', 'Your grammar and vocabulary are good, but you know that your wording doesn’t always sound natural.
​You can follow conversations in English, but you miss out on jokes, nuance and hidden meanings.
​You can speak well, but you still don’t feel 100% relaxed and confident when you talk with English-speaking friends or co-workers.
English still requires a lot of your energy and leaves you feeling drained.
​You feel that your current English level prevents you from showing your true personality and intelligence, and that doesn’t feel good!
If you said yes to any one of these, then you’re in the right place!', 52, 4, 5);
INSERT INTO thecoach.courses (id, name, image, description, price, app_user_id, course_type_id) VALUES (5, 'linguamarina ', 'https://preply.com/wp-content/uploads/2020/11/Group-28779.png', 'Co-founder of a language-learning platform Linguatrip

My name is Marina Mogilko (or Марина Могилко in Russian, I am originally from Saint-Petersburg)
I am an entrepreneur and YouTuber. 
One day, I realized I wanted to move to California. My company, LinguaTrip, got into a top 500 Silicon Valley startup incubator and I got an O1 visa sticker in my passport. 

Here are some links if you’d like to get in touch:

1. If you want to book a language course abroad, sign up for a free consultation here - https://bit.ly/3Ho83ko
2. If you want to order an ad on one of my channels, please reach out to linguamarina@role-talent.com
3. If you need to check your text in English instantly - https://fluent.express
4. If you want to take part in my YouTube course - https://marinamogilko.co/
5. Download my English Workbook - https://bit.ly/3NTkLdC
6. My assistant - marina@marinamogilko.co
How we work
We work online: video calling allows us to work with students worldwide. Students from 84 countries have already booked their language courses on Linguatrip. We will assist you with visa application and all other stages of your study abroad trip. Your data is never shared with third parties and is carefully encrypted
', 77, 5, 5);
INSERT INTO thecoach.courses (id, name, image, description, price, app_user_id, course_type_id) VALUES (6, 'Daily English Conversation', 'https://yt3.googleusercontent.com/ytc/APkrFKYbX0QfZem2rX27CBjKBnBOeLuXnPdpNV6MUA7Rzg=s176-c-k-c0x00ffffff-no-rj', 'Welcome to our English Daily Conversation Course!

This course is designed to help you improve your English conversation skills and become more comfortable communicating in English. We’ll cover a wide range of topics, from basic greetings and introductions to more complex discussions about culture, society, and current events.

Each lesson will provide you with practical phrases and vocabulary that you can use in everyday conversations. You’ll also have the opportunity to practice your speaking skills through interactive exercises and real-life scenarios.

Whether you’re a beginner looking to build confidence in speaking English, or an advanced learner aiming to polish your conversation skills, this course offers a supportive and engaging learning environment for all levels.

So, let’s get started on this exciting journey to mastering daily English conversation! We can’t wait to see the progress you’ll make.', 33, 6, 4);
INSERT INTO thecoach.courses (id, name, image, description, price, app_user_id, course_type_id) VALUES (7, 'RealLife English', 'https://www.dailyenglish.fr/wp-content/uploads/2023/03/cropped-DAILY_ENGLISH_RVB.png', 'Just a British man educating international learners all about our wonderful culture & language. 
Every week we create lessons that guide you beyond the classroom to SPEAK English naturally and confidently, connect to the world, and use your English as the doorway to your greatest life. 

Welcome to our Everyday English Conversation Course!

In this course, we aim to enhance your ability to communicate effectively in English in a variety of daily situations. From ordering a coffee at a café, to discussing the latest news, this course will equip you with the language skills needed for real-world conversations.

We\'ll explore common phrases, idiomatic expressions, and practical vocabulary that are essential for everyday interactions. Each lesson is designed to provide you with ample opportunities to practice and apply what you\'ve learned.

No matter what your current level of English proficiency is, this course will help you to gain confidence and fluency in your conversational skills. So, let\'s embark on this exciting journey of mastering English daily conversations together! Your path to becoming a confident English speaker starts here.
', 29.99, 7, 4);
INSERT INTO thecoach.courses (id, name, image, description, price, app_user_id, course_type_id) VALUES (8, 'To Fluency', 'https://yt3.googleusercontent.com/ytc/APkrFKZx8f8nVBjlR2DZE099z1b04sJBo0d0hO7lSbxTqw=s176-c-k-c0x00ffffff-no-rj', 'Hello. I\'m Jack from To Fluency and I\'m here to help you improve your English, especially, your speaking and listening.
We focus on helping you learn English in a more effective way. Your going to get the best advice so that you can finally reach a C1 level of English (or higher!). You\'ll also get videos on grammar, vocabulary, and our very popular Real English Conversation Lessons.
Hello and welcome to our English Conversation Mastery Course!

This course is your gateway to achieving fluency in English conversation. We’ll delve into a variety of everyday situations, providing you with the language tools necessary to navigate through daily life in English.

From casual chit-chat to more formal discussions, this course covers a broad spectrum of conversational topics. We’ll introduce you to common idioms, phrases, and vocabulary that native speakers use in their day-to-day conversations.

Each lesson is interactive, giving you the chance to practice your newly acquired skills in a safe and supportive environment. Whether you’re just starting out or looking to refine your English speaking abilities, this course is designed to adapt to your learning needs.

So, let’s jump right in and start our journey towards mastering English conversation! Your adventure into the world of English language starts now.', 66, 8, 4);
INSERT INTO thecoach.courses (id, name, image, description, price, app_user_id, course_type_id) VALUES (9, 'BBC Learning English', 'https://yt3.googleusercontent.com/6pw8YF3c0ZGAYzPfEe6ZoUO0yxoa5_ymOSB1_-dkgvS1WWWM3PmRwHV_JK6dLdpJzypGnh3qeQ=s176-c-k-c0x00ffffff-no-rj', 'Learn English with the BBC. We publish new videos, podcasts, tutorials and lessons every week to help you learn and improve your English speaking, listening, vocabulary and pronunciation. Subscribe to our channel and hit the bell so you never miss our video uploads!
This course is designed to help you navigate through the world of English conversations with ease and confidence. We’ll be focusing on real-life scenarios, from socializing with friends, to professional interactions in the workplace.

You’ll learn practical phrases, idioms, and vocabulary that are commonly used in daily conversations. Each lesson will provide you with the opportunity to practice these phrases in a variety of contexts, helping you to become more fluent and confident in your English speaking abilities.

Whether you’re a beginner hoping to get a good start in English conversations, or an intermediate learner aiming to brush up your skills, this course has something for everyone.
We love receiving, reading, and responding to your comments! We ask you all to please use English when you comment. Scroll down for a link to our house rules.

For more videos and content to help you learn English, visit our website. We\'re also on TikTok, Facebook and Instagram!
Happy learning!', 33.99, 9, 4);
INSERT INTO thecoach.courses (id, name, image, description, price, app_user_id, course_type_id) VALUES (10, 'VOA Learning English', 'https://yt3.googleusercontent.com/Co3skQDdzCvERaOL3Q8_2LhPpJli2-bemBG81hvNH7OiVJnTsfMVnQSYEXshg4jt7WRIh4F9eQ=s176-c-k-c0x00ffffff-no-rj', 'Learn English with fun videos!

Learning English is VOA’s multimedia source of news and information for millions of English learners worldwide.

Learning English began as Special English, which Voice of America launched in 1959. Special English newscasts and features were a primary fixture of VOA’s international shortwave broadcasts for more than half a century. In 2014, our line of products was expanded to include more English teaching materials, and the service became known as Learning English.

Learners absorb American English through content drawn from U.S. and world news, Health and Lifestyle, Science and Technology, Arts and Culture, and other topics. Learners can build vocabulary, strengthen speaking skills and improve the ability to communicate for work, school and everyday life.

Audio programs and captioned videos - English in A Minute, Everyday Grammar TV and Learning English TV - are written using vocabulary at the upper-beginner and intermediate level. ', 42.33, 10, 4);
INSERT INTO thecoach.courses (id, name, image, description, price, app_user_id, course_type_id) VALUES (11, 'TST Prep TOEFL', 'https://yt3.googleusercontent.com/t8fIRBgYzVKfQjnBs9tVVn3o5206yh9kcHk4Hfuik95xunSLy1CbIgvJWcLE8M7laZ-1KVX9Eg=s176-c-k-c0x00ffffff-no-rj', 'We help overworked and overwhelmed test takers get the TOEFL test score they need as quickly and easily as possible through TOEFL lessons, TOEFL practice tests, and TOEFL practice questions. 

At TST Prep, we know the TOEFL test is confusing and overwhelming at first. Test takers already have responsibilities at work, at school, and with family, which is why our goal is to make your test preparation as clear and simple as possible. 
Our  TOEFL iBT videos are aimed at helping:
 
- international students who need these tests to enroll in a university 
- working professionals (i.e. dentists, pharmacists) who need to earn a 26+ on the TOEFL Speaking 
- TOEFL students who need a 24+ on the TOEFL Writing. 
This course is specifically designed to help you excel in the Test of English as a Foreign Language (TOEFL). We’ll guide you through each section of the test - Reading, Listening, Speaking, and Writing - providing you with strategies and tips to maximize your score.

You’ll have access to a wealth of practice questions, model answers, and interactive exercises that mirror the actual TOEFL test. Our comprehensive lessons cover essential grammar rules, vocabulary, and idiomatic expressions that frequently appear on the test.

Whether you’re a beginner just starting your TOEFL journey or an advanced learner looking to perfect your skills, this course is tailored to meet your needs.

So, let’s embark on this exciting journey towards TOEFL mastery! Your path to achieving a high TOEFL score starts here.
Visit our website, www.tstprep.com for more information. 

Contact us at contact@tstprep.com', 59.99, 11, 3);
INSERT INTO thecoach.courses (id, name, image, description, price, app_user_id, course_type_id) VALUES (12, 'E2 TOEFL', 'https://yt3.ggpht.com/C2hyahItOrkZy2UAjJinXYUavcWkkP3t15_jTKfqw88m-6_4PCVl4XGlYDxs7_3NV648abHl5Q=s88-c-k-c0x00ffffff-no-rj', 'E2 Test Prep (http://www.e2language.com/) is the world\'s most popular English exam preparation platform. We\'ve helped over 1.5 million students pass their IELTS Academic, IELTS General, PTE Academic, TOEFL iBT, OET and TOEIC English tests. 

We teach proven exam strategies to help with your reading, writing, listening and speaking. Our strategies, structures and tips have been created from the ground up from having taken these exams first hand and then tested with 10s of 1000s of students who have achieved IELTS 9, PTE 90, TOEFL 30 and OET 500. They work!
 
On YouTube we give away some helpful videos but all of the magic happens over on https://www.e2language.com/ where you can watch lots of videos that are not on YouTube, join live group classes or take 1:1 tutorials with our expert E2 Test Prep teachers. You can also complete guided practice questions, get writing feedback or take mock tests with online speaking exams and expert feedback. 
 
Our teachers and markers are all highly qualified native or bilingual teachers who have top  notch university degrees in teaching English as a foreign language (TEFL) or applied linguistics. We are the best at test prep!
 
We also have a sister platform to E2 Test Prep called E2 English (https://www.e2school.com/) that covers all of the fundamentals of English such as vocabulary, grammar, pronunciation, spelling and general English from beginner to advanced. You can use E2 English to help with your IELTS, PTE, TOEFL, TOEIC or OET preparation if you need help with the words, rules and sounds of English. 
 
So, whatever you need help with, we\'re here for you. If you need help with your English exam, check out https://www.e2language.com/ and / or if you need help building your English skills check out https://www.e2school.com/
 
Good luck! We wish you all the very best with your English language learning and exam preparation journey.', 60, 12, 3);
INSERT INTO thecoach.courses (id, name, image, description, price, app_user_id, course_type_id) VALUES (13, 'TOEFL with Juva', 'https://hrchannels.com/uptalent/attachments/images/20230418/11232089_TOEFL-la-gi-3.jpg', 'Hi, I\'m Juva! My IELTS is 8.5, my TOEFL 115. I study at Oxford University and I help you pass your IELTS or TOEFL with success. Since I started this channel, IELTS and TOEFL students have been watching my lessons over 3 million times.

I help you get high scores in IELTS Listening, IELTS Reading, IELTS Writing, and IELTS Speaking as well as TOEFL Listening, TOEFL Reading, TOEFL Writing, and TOEFL Speaking.

My advice on this channel is based on my personal experience taking the IELTS and the TOEFL. I do not guarantee IELTS band score results and TOEFL scores. My aim is to present information as accurately as possible, but mistakes may occur. 

This channel is neither affiliated or endorsed by IELTS, the British Council, Cambridge ESOL, or IDP, nor affiliated or endorsed by ETS, who own the TOEFL test and all related trademarks. It is an independent channel created by an independent person for the purpose of helping people pass their IELTS and/or TOEFL test. 
This course is your roadmap to success in the Test of English as a Foreign Language (TOEFL). We’ll walk you through each component of the test - Reading, Listening, Speaking, and Writing - equipping you with effective strategies to boost your performance.

You’ll gain access to a wide range of practice materials, sample responses, and interactive exercises that closely resemble the actual TOEFL test. Our detailed lessons delve into key grammar concepts, vocabulary, and idiomatic expressions that are often tested in the exam.

Whether you’re just beginning your TOEFL journey or you’re an advanced learner aiming for a high score, this course is designed to cater to all levels of proficiency.

So, let’s set sail on this exciting journey towards achieving TOEFL success! Your pathway to a top-notch TOEFL score begins here.
', 49.99, 13, 3);
INSERT INTO thecoach.courses (id, name, image, description, price, app_user_id, course_type_id) VALUES (14, 'TOEFL TV Official', 'https://luyenthitoefl.edu.vn/uploads/tong-quan-ve-toefl-2022-2.jpg', 'Shape your destiny through the power of English proficiency. Conquer new horizons, break down barriers and elevate your life. Choose TOEFL iBT.

The TOEFL iBT® test has helped millions of students achieve their dream of studying abroad at more than 12,000 universities and institutions in 160+ countries including the U.S., Canada, the U.K., Ireland, Australia, and across Europe and Asia.  Students have the choice to take the TOEFL iBT test at a local test center or from their home with the TOEFL iBT Home Edition. 
Welcome to our Ultimate TOEFL Success Course!

This course is your comprehensive guide to acing the Test of English as a Foreign Language (TOEFL). We’ll navigate through each section of the test - Reading, Listening, Speaking, and Writing - providing you with proven strategies to enhance your performance.

You’ll have access to extensive practice materials, model answers, and interactive exercises that simulate the real TOEFL test. Our in-depth lessons focus on essential grammar rules, vocabulary, and idiomatic expressions that are commonly seen on the test.

Whether you’re a beginner embarking on your TOEFL journey or an advanced learner striving for a top score, this course is tailored to meet your needs.

So, let’s embark on this exciting journey towards TOEFL excellence! Your quest for a high TOEFL score begins here.
', 55, 14, 3);
INSERT INTO thecoach.courses (id, name, image, description, price, app_user_id, course_type_id) VALUES (15, 'Kathy TOEFL Teacher', 'https://news.meeycdn.net/uploads/images/2022/08/20/toefl-itp-la-gi-6-1660967624.jpg', 'Welcome to our TOEFL Triumph Course!

This course is your all-in-one guide to mastering the Test of English as a Foreign Language (TOEFL). We’ll journey through each part of the test - Reading, Listening, Speaking, and Writing - arming you with effective strategies to optimize your performance.

You’ll be provided with a plethora of practice materials, sample responses, and interactive exercises that mirror the actual TOEFL test. Our comprehensive lessons tackle key grammar rules, vocabulary, and idiomatic expressions that are frequently encountered in the exam.

Whether you’re a novice just starting your TOEFL adventure or an advanced learner aiming for a perfect score, this course is designed to cater to all proficiency levels.

So, let’s embark on this exciting journey towards achieving TOEFL triumph! Your pursuit of a top-tier TOEFL score starts now.', 45, 15, 3);
INSERT INTO thecoach.courses (id, name, image, description, price, app_user_id, course_type_id) VALUES (16, 'E2 TOEIC', 'https://yt3.ggpht.com/Ln4Zgj-p4NTzenX233opa99rB35Dsx1ycJ2w0nHrVeWwnwiJSH1Um8HEQHgjttamD2UKq48R=s88-c-k-c0x00ffffff-no-rj', 'Welcome to our TOEIC Mastery Course!

This course is your comprehensive guide to achieving success in the Test of English for International Communication (TOEIC). We’ll cover all sections of the test - Listening, Reading, Speaking, and Writing - providing you with effective strategies and tips to maximize your score.

You’ll have access to a wealth of practice questions, model answers, and interactive exercises that mirror the actual TOEIC test. Our comprehensive lessons cover essential grammar rules, vocabulary, and idiomatic expressions that frequently appear on the test.

Whether you’re a beginner just starting your TOEIC journey or an advanced learner looking to perfect your skills, this course is tailored to meet your needs.

So, let’s embark on this exciting journey towards TOEIC mastery! Your path to achieving a high TOEIC score starts here.
TOEIC test prep just got easier! E2 Test Prep will show you how to pass this popular business English test, required by many international organisations. We will provide you with methods that work and practice materials that match the actual TOEIC test. E2 Test Prep has prepared over 1.3 million students for their English Exams and we want to help you with TOEIC. Sign up at www.e2language.com for affordable, quality language learning technology and test simulation and pass your TOEIC exam with guidance from the best English teachers in the world. 
', 40, 16, 2);
INSERT INTO thecoach.courses (id, name, image, description, price, app_user_id, course_type_id) VALUES (17, 'TOEIC and English Improvement', 'https://www.digischool.fr/articles/_next/image/?url=https%3A%2F%2Fwww.digischool.fr%2Farticles%2Fwp-content%2Fuploads%2F2023%2F01%2FAdobeStock_291450666-min-scaled.jpeg&w=1920&q=75', 'Welcome to our Comprehensive TOEIC Preparation Course!

This course is your roadmap to success in the Test of English for International Communication (TOEIC). We’ll walk you through each component of the test - Listening and Reading - equipping you with effective strategies to boost your performance.

You’ll gain access to a wide range of practice materials, sample responses, and interactive exercises that closely resemble the actual TOEIC test. Our detailed lessons delve into key grammar concepts, vocabulary, and idiomatic expressions that are often tested in the exam.

Whether you’re just beginning your TOEIC journey or you’re an advanced learner aiming for a high score, this course is designed to cater to all levels of proficiency.

So, let’s set sail on this exciting journey towards achieving TOEIC success! Your pathway to a top-notch TOEIC score begins here.', 32.99, 17, 2);
INSERT INTO thecoach.courses (id, name, image, description, price, app_user_id, course_type_id) VALUES (18, 'Tom Wallace | English', 'https://haenglish.edu.vn/wp-content/uploads/2023/07/toeic1-16831725956141313509937.jpg', 'Welcome to our Ultimate TOEIC Success Course!

This course is your comprehensive guide to acing the Test of English for International Communication (TOEIC). We’ll navigate through each section of the test - Listening and Reading - providing you with effective strategies to enhance your performance.

You’ll have access to extensive practice materials, model answers, and interactive exercises that simulate the real TOEIC test. Our in-depth lessons focus on essential grammar rules, vocabulary, and idiomatic expressions that are commonly seen on the test.

Whether you’re just starting out or you’re looking to refine your English speaking abilities, this course is tailored to meet your needs.

So, let’s embark on this exciting journey towards TOEIC excellence! Your quest for a high TOEIC score begins here.', 19.99, 18, 2);
INSERT INTO thecoach.courses (id, name, image, description, price, app_user_id, course_type_id) VALUES (19, 'Happy English Michael DiGiacomo', 'https://yt3.googleusercontent.com/ytc/APkrFKZvm6oQiDnihynPWLIlWQ3j3Ncc02hVMVYsjj440Q=s176-c-k-c0x00ffffff-no-rj', 'Welcome to our Pathway to TOEIC Success Course!

This course is your ultimate guide to conquering the Test of English for International Communication (TOEIC). We’ll journey through each part of the test - Listening and Reading - arming you with effective strategies to optimize your performance.

You’ll be provided with a plethora of practice materials, sample responses, and interactive exercises that mirror the actual TOEIC test. Our comprehensive lessons tackle key grammar rules, vocabulary, and idiomatic expressions that are frequently encountered in the exam.

Whether you’re a novice just starting your TOEIC adventure or an advanced learner aiming for a perfect score, this course is designed to cater to all proficiency levels.

So, let’s embark on this exciting journey towards achieving TOEIC triumph! Your pursuit of a top-tier TOEIC score starts now.', 23.5, 19, 2);
INSERT INTO thecoach.courses (id, name, image, description, price, app_user_id, course_type_id) VALUES (20, 'Goodwin TOEIC', 'https://tiki.vn/blog/wp-content/uploads/2023/07/toeic.jpg', 'Welcome to our TOEIC Excellence Course!

This course is your comprehensive guide to mastering the Test of English for International Communication (TOEIC). We’ll cover all aspects of the test - Listening and Reading - providing you with the tools and strategies needed to achieve a high score.

You’ll have access to a wide range of practice questions, model answers, and interactive exercises that closely resemble the actual TOEIC test. Our lessons focus on key grammar rules, vocabulary, and idiomatic expressions that are commonly seen on the test.

Whether you’re a beginner just starting your TOEIC journey or an advanced learner aiming for a top score, this course is designed to meet your needs.

So, let’s get started on this exciting journey towards achieving TOEIC excellence! Your path to a high TOEIC score starts here.', 29.99, 20, 2);
INSERT INTO thecoach.courses (id, name, image, description, price, app_user_id, course_type_id) VALUES (21, 'IELTS Advantage ', 'https://yt3.googleusercontent.com/ytc/APkrFKYwpbERrzbKZl7_q5Q2lel5VhKHU0JlKU48qrhyOA=s176-c-k-c0x00ffffff-no-rj', 'This course is your comprehensive guide to achieving a high score in the International English Language Testing System (IELTS). We’ll cover all four sections of the test - Listening, Reading, Writing, and Speaking - providing you with effective strategies and tips to maximize your score.

You’ll have access to a wealth of practice questions, model answers, and interactive exercises that mirror the actual IELTS test. Our comprehensive lessons cover essential grammar rules, vocabulary, and idiomatic expressions that frequently appear on the test.

Whether you’re a beginner just starting your IELTS journey or an advanced learner looking to perfect your skills, this course is tailored to meet your needs.

So, let’s embark on this exciting journey towards IELTS mastery! Your path to achieving a high IELTS score starts here.
Get my complete step-by-step system based on what I’ve done to help thousands of students get a Band 7, 8 and even 9!

I’ve spent the last 10 years creating the perfect system, and now you can use it at home. 

I will teach you how to think like an IELTS examiner so you can give them exactly what they want. 

100% digital and online, so you can learn everything at home. It’s like having your very own tutor in your home! 

If you need a Band 7 or above to move to the country of your dreams, you’ve come to the right place.

Join today and get one step closer to realizing your dreams.', 67.99, 21, 1);
INSERT INTO thecoach.courses (id, name, image, description, price, app_user_id, course_type_id) VALUES (22, 'IELTS Daily', 'https://yt3.googleusercontent.com/bSfvOQV88fwq-N81KWU7T4MGe54StZH8yVp78GjbqyeEcPqX8IalVE6MOeYX1Dgg2WtEBc5O=s176-c-k-c0x00ffffff-no-rj', 'Welcome to our Comprehensive IELTS Preparation Course!

This course is your ultimate guide to achieving success in the International English Language Testing System (IELTS). We’ll delve into each component of the test - Listening, Reading, Writing, and Speaking - providing you with the tools and strategies needed to optimize your performance.

You’ll gain access to a vast array of practice materials, sample responses, and interactive exercises that closely resemble the actual IELTS test. Our detailed lessons focus on key grammar concepts, vocabulary, and idiomatic expressions that are frequently tested in the exam.

In addition to this, we’ll also provide you with insights into the test format and scoring system, helping you understand what examiners are looking for in your responses. You’ll also receive personalized feedback on your progress, ensuring that you’re always moving forward on your path to IELTS success.

Whether you’re just starting your IELTS journey or you’re an advanced learner aiming for a band 9 score, this course is designed to cater to all levels of proficiency. Our experienced instructors are committed to providing you with the support and guidance you need to achieve your IELTS goals.

So, let’s embark on this exciting journey towards mastering the IELTS! Your pathway to achieving a top-notch IELTS score begins here.', 62, 22, 1);
INSERT INTO thecoach.courses (id, name, image, description, price, app_user_id, course_type_id) VALUES (23, 'E2 IELTS', 'https://yt3.ggpht.com/wmoGbafxyZ_f_SlSXU2XNYUfwsHM35D05dpyptznWCMSJXIOTi0xoa-IO4RFC_2gdMk7idJ3aQ4=s88-c-k-c0x00ffffff-no-rj', 'Welcome to our Premier IELTS Mastery Course!

This course is your comprehensive guide to achieving outstanding results in the International English Language Testing System (IELTS). We’ll explore each section of the test - Listening, Reading, Writing, and Speaking - providing you with effective strategies and techniques to enhance your performance.

You’ll have access to a wide range of practice materials, model answers, and interactive exercises that simulate the real IELTS test. Our in-depth lessons focus on essential grammar rules, vocabulary, and idiomatic expressions that are commonly seen on the test.

In addition, we’ll provide you with insights into the test format and scoring system, helping you understand what examiners are looking for in your responses. You’ll also receive personalized feedback on your progress, ensuring that you’re always moving forward on your path to IELTS success.

But that’s not all! We also offer live sessions where you can interact with our experienced instructors and fellow students, fostering a collaborative learning environment. These sessions provide an excellent opportunity for you to practice your speaking skills and receive immediate feedback.

Whether you’re a beginner embarking on your IELTS journey or an advanced learner aiming for a band 9 score, this course is designed to cater to all levels of proficiency. Our dedicated team of instructors is committed to providing you with the support and guidance you need to achieve your IELTS goals.

So, let’s embark on this exciting journey towards mastering the IELTS! Your pathway to achieving a top-tier IELTS score begins here.', 72, 23, 1);
INSERT INTO thecoach.courses (id, name, image, description, price, app_user_id, course_type_id) VALUES (24, 'Fastrack IELTS', 'https://yt3.googleusercontent.com/iy8jePu3dpiDBkSDH8vNd5y9QoOnolh8IGm2KP4N2Tzxtn0Na9gtkOWTv-HfT8moj_mR03Cp7Q=s900-c-k-c0x00ffffff-no-rj', 'Welcome to our Elite IELTS Preparation Course!

This course is your ultimate guide to achieving exceptional results in the International English Language Testing System (IELTS). We’ll delve into each component of the test - Listening, Reading, Writing, and Speaking - providing you with the tools and strategies needed to optimize your performance.

You’ll gain access to a vast array of practice materials, sample responses, and interactive exercises that closely resemble the actual IELTS test. Our detailed lessons focus on key grammar concepts, vocabulary, and idiomatic expressions that are frequently tested in the exam.

In addition to this, we’ll also provide you with insights into the test format and scoring system, helping you understand what examiners are looking for in your responses. You’ll also receive personalized feedback on your progress, ensuring that you’re always moving forward on your path to IELTS success.

But we don’t stop there! We also offer live sessions where you can interact with our experienced instructors and fellow students. These sessions provide an excellent opportunity for you to practice your speaking skills and receive immediate feedback.

Whether you’re a beginner embarking on your IELTS journey or an advanced learner aiming for a band 9 score, this course is designed to cater to all levels of proficiency. Our dedicated team of instructors is committed to providing you with the support and guidance you need to achieve your IELTS goals.

So, let’s embark on this exciting journey towards mastering the IELTS! Your pathway to achieving a top-tier IELTS score begins here.', 70, 24, 1);
INSERT INTO thecoach.courses (id, name, image, description, price, app_user_id, course_type_id) VALUES (25, 'Keith IELTS Success', 'https://keithspeakingacademy.com/wp-content/uploads/2023/05/Keith_Web.png', 'Welcome to our Advanced IELTS Preparation Course!

This course is your comprehensive guide to excelling in the International English Language Testing System (IELTS). We’ll cover all four components of the test - Listening, Reading, Writing, and Speaking - providing you with effective strategies and techniques to enhance your performance.

You’ll have access to a wide range of practice materials, model answers, and interactive exercises that simulate the real IELTS test. Our in-depth lessons focus on essential grammar rules, vocabulary, and idiomatic expressions that are commonly seen on the test.

But that’s not all! We also offer live sessions where you can interact with our experienced instructors and fellow students, fostering a collaborative learning environment. These sessions provide an excellent opportunity for you to practice your speaking skills and receive immediate feedback.

In addition, we’ll provide you with insights into the test format and scoring system, helping you understand what examiners are looking for in your responses. You’ll also receive personalized feedback on your progress, ensuring that you’re always moving forward on your path to IELTS success.

Whether you’re a beginner embarking on your IELTS journey or an advanced learner aiming for a band 9 score, this course is designed to cater to all levels of proficiency. Our dedicated team of instructors is committed to providing you with the support and guidance you need to achieve your IELTS goals.

So, let’s embark on this exciting journey towards mastering the IELTS! Your pathway to achieving a top-tier IELTS score begins here.', 79, 25, 1);




-- videos
INSERT INTO thecoach.videos (id, course_id, title, urlPath, is_free, url_path) VALUES (1, 1, 'IELTS Speaking Part 2: Band 9 TEMPLATES - #3 PLACES', 'https://www.youtube.com/watch?v=x9aCR1oDJs4&ab_channel=EnglishSpeakingSuccess', true, 'https://www.youtube.com/watch?v=x9aCR1oDJs4&ab_channel=EnglishSpeakingSuccess');
INSERT INTO thecoach.videos (id, course_id, title, urlPath, is_free, url_path) VALUES (2, 1, 'IELTS Speaking Part 2: Band 9 TEMPLATES - #4 EVENTS', 'https://www.youtube.com/watch?v=BIrneFzd9HU&ab_channel=EnglishSpeakingSuccess', false, 'https://www.youtube.com/watch?v=BIrneFzd9HU&ab_channel=EnglishSpeakingSuccess');
INSERT INTO thecoach.videos (id, course_id, title, urlPath, is_free, url_path) VALUES (3, 1, 'ELTS Speaking Part 2: Band 9 TEMPLATES - #5 ACTIVITIES', 'https://www.youtube.com/watch?v=xie82EzXJL8&ab_channel=EnglishSpeakingSuccess', false, 'https://www.youtube.com/watch?v=xie82EzXJL8&ab_channel=EnglishSpeakingSuccess');
INSERT INTO thecoach.videos (id, course_id, title, urlPath, is_free, url_path) VALUES (4, 1, 'IELTS Speaking Part 2: Band 9 TEMPLATES - #6 THINGS', 'https://www.youtube.com/watch?v=7zaCPkgMhiU&ab_channel=EnglishSpeakingSuccess', false, 'https://www.youtube.com/watch?v=7zaCPkgMhiU&ab_channel=EnglishSpeakingSuccess');
INSERT INTO thecoach.videos (id, course_id, title, urlPath, is_free, url_path) VALUES (5, 1, '15 Phrasal verbs to impress your IELTS examiner', 'https://www.youtube.com/watch?v=bwsrXgaYNkE&ab_channel=EnglishSpeakingSuccess', false, 'https://www.youtube.com/watch?v=bwsrXgaYNkE&ab_channel=EnglishSpeakingSuccess');
INSERT INTO thecoach.videos (id, course_id, title, urlPath, is_free, url_path) VALUES (6, 2, 'Improve your English Speaking Skills | At the Hotel', 'https://www.youtube.com/watch?v=PEILCvC_tZ4&ab_channel=EnglishSpeakingCourse', true, 'https://www.youtube.com/watch?v=PEILCvC_tZ4&ab_channel=EnglishSpeakingCourse');
INSERT INTO thecoach.videos (id, course_id, title, urlPath, is_free, url_path) VALUES (7, 2, '20 Minutes English Self-Study Routine', 'https://www.youtube.com/watch?v=Q-T3wvZUU28&ab_channel=EnglishSpeakingCourse', false, 'https://www.youtube.com/watch?v=Q-T3wvZUU28&ab_channel=EnglishSpeakingCourse');
INSERT INTO thecoach.videos (id, course_id, title, urlPath, is_free, url_path) VALUES (8, 2, 'Self-Study English to Upgrade Your English', 'https://www.youtube.com/watch?v=Sv6fPQkec54&ab_channel=EnglishSpeakingCourse', false, 'https://www.youtube.com/watch?v=Sv6fPQkec54&ab_channel=EnglishSpeakingCourse');
INSERT INTO thecoach.videos (id, course_id, title, urlPath, is_free, url_path) VALUES (9, 2, 'Daily English Self-Study Routine - At the restaurant', 'https://www.youtube.com/watch?v=9zpORHtl0WU&ab_channel=EnglishSpeakingCourse', false, 'https://www.youtube.com/watch?v=9zpORHtl0WU&ab_channel=EnglishSpeakingCourse');
INSERT INTO thecoach.videos (id, course_id, title, urlPath, is_free, url_path) VALUES (10, 2, '5 Daily Habits to Improve your English', 'https://www.youtube.com/watch?v=JY2FhLOxPco&ab_channel=EnglishSpeakingCourse', false, 'https://www.youtube.com/watch?v=JY2FhLOxPco&ab_channel=EnglishSpeakingCourse');
INSERT INTO thecoach.videos (id, course_id, title, urlPath, is_free, url_path) VALUES (11, 3, 'IMPROVE YOUR ENGLISH FLUENCY | TIPS FOR SPEAKING ENGLISH WITH CONFIDENCE', 'https://www.youtube.com/watch?v=5A2fI9fzJtc&ab_channel=SpeakEnglishWithTiffani', true, 'https://www.youtube.com/watch?v=5A2fI9fzJtc&ab_channel=SpeakEnglishWithTiffani');
INSERT INTO thecoach.videos (id, course_id, title, urlPath, is_free, url_path) VALUES (12, 3, 'REAL LIFE ENGLISH | Speak English Like A Native Speaker Episode 1', 'https://www.youtube.com/watch?v=j6Cs32zgGDM&ab_channel=SpeakEnglishWithTiffani', false, 'https://www.youtube.com/watch?v=j6Cs32zgGDM&ab_channel=SpeakEnglishWithTiffani');
INSERT INTO thecoach.videos (id, course_id, title, urlPath, is_free, url_path) VALUES (13, 3, 'REAL LIFE ENGLISH | Speak English Like A Native Speaker Episode 2', 'https://www.youtube.com/watch?v=43ysWFSR_Zw&ab_channel=SpeakEnglishWithTiffani', false, 'https://www.youtube.com/watch?v=43ysWFSR_Zw&ab_channel=SpeakEnglishWithTiffani');
INSERT INTO thecoach.videos (id, course_id, title, urlPath, is_free, url_path) VALUES (14, 3, 'REAL LIFE ENGLISH | Speak English Like A Native Speaker Episode 3', 'https://www.youtube.com/watch?v=ZPHXWf8BQP8&ab_channel=SpeakEnglishWithTiffani', false, 'https://www.youtube.com/watch?v=ZPHXWf8BQP8&ab_channel=SpeakEnglishWithTiffani');
INSERT INTO thecoach.videos (id, course_id, title, urlPath, is_free, url_path) VALUES (15, 3, 'Why You Can UNDERSTAND English But You STRUGGLE TO SPEAK In English', 'https://www.youtube.com/watch?v=e4SUAZOTAi0&ab_channel=SpeakEnglishWithTiffani', false, 'https://www.youtube.com/watch?v=e4SUAZOTAi0&ab_channel=SpeakEnglishWithTiffani');
INSERT INTO thecoach.videos (id, course_id, title, urlPath, is_free, url_path) VALUES (16, 4, 'Describe Physical Appearance at C1 LEVEL (Advanced) English!', 'https://www.youtube.com/watch?v=FxgmbG75Pcg&ab_channel=EnglishwithLucy', true, 'https://www.youtube.com/watch?v=FxgmbG75Pcg&ab_channel=EnglishwithLucy');
INSERT INTO thecoach.videos (id, course_id, title, urlPath, is_free, url_path) VALUES (17, 4, 'STOP 🚫 - These Common English Mistakes are Absolutely WRONG!', 'https://www.youtube.com/watch?v=VeFjw6nPD64&ab_channel=EnglishwithLucy', false, 'https://www.youtube.com/watch?v=VeFjw6nPD64&ab_channel=EnglishwithLucy');
INSERT INTO thecoach.videos (id, course_id, title, urlPath, is_free, url_path) VALUES (18, 4, '5 Tenses = 90% of English', 'https://www.youtube.com/watch?v=Se5zT8Sjtg4&ab_channel=EnglishwithLucy', false, 'https://www.youtube.com/watch?v=Se5zT8Sjtg4&ab_channel=EnglishwithLucy');
INSERT INTO thecoach.videos (id, course_id, title, urlPath, is_free, url_path) VALUES (19, 4, 'Improve your English conversation skills | 6 communication & small talk tips (with examples!)', 'https://www.youtube.com/watch?v=4zCVYWtYKV8&ab_channel=EnglishwithLucy', false, 'https://www.youtube.com/watch?v=4zCVYWtYKV8&ab_channel=EnglishwithLucy');
INSERT INTO thecoach.videos (id, course_id, title, urlPath, is_free, url_path) VALUES (20, 4, '100 Small Talk Questions and Answers - Real English Conversation', 'https://www.youtube.com/watch?v=8vPXIsAqmjg&ab_channel=EnglishwithLucy', false, 'https://www.youtube.com/watch?v=8vPXIsAqmjg&ab_channel=EnglishwithLucy');
INSERT INTO thecoach.videos (id, course_id, title, urlPath, is_free, url_path) VALUES (21, 5, 'How to speak English fast and understand natives (Part I)', 'https://www.youtube.com/watch?v=MiebCHmiszs&ab_channel=linguamarina', true, 'https://www.youtube.com/watch?v=MiebCHmiszs&ab_channel=linguamarina');
INSERT INTO thecoach.videos (id, course_id, title, urlPath, is_free, url_path) VALUES (22, 5, 'How to speak English fast and understand natives (Part II)', 'https://www.youtube.com/watch?v=5wr44LGmIaw&ab_channel=linguamarina', false, 'https://www.youtube.com/watch?v=5wr44LGmIaw&ab_channel=linguamarina');
INSERT INTO thecoach.videos (id, course_id, title, urlPath, is_free, url_path) VALUES (23, 5, 'How to speak English fast and understand natives (Part III)', 'https://www.youtube.com/watch?v=7Uy-jdOWsSM&ab_channel=linguamarina', false, 'https://www.youtube.com/watch?v=7Uy-jdOWsSM&ab_channel=linguamarina');
INSERT INTO thecoach.videos (id, course_id, title, urlPath, is_free, url_path) VALUES (24, 5, 'How to speak English fast and understand natives (Part IV)', 'https://www.youtube.com/watch?v=8haAfv996aQ&ab_channel=linguamarina', false, 'https://www.youtube.com/watch?v=8haAfv996aQ&ab_channel=linguamarina');
INSERT INTO thecoach.videos (id, course_id, title, urlPath, is_free, url_path) VALUES (25, 5, 'How to speak English fast and understand natives (Part V)', 'https://www.youtube.com/watch?v=GoMjQS_9Q8M&ab_channel=linguamarina', false, 'https://www.youtube.com/watch?v=GoMjQS_9Q8M&ab_channel=linguamarina');
INSERT INTO thecoach.videos (id, course_id, title, urlPath, is_free, url_path) VALUES (26, 6, 'Practice Speaking American English with Native English Speakers - American English Conversations', 'https://www.youtube.com/watch?v=WVC4iuz1AbQ&ab_channel=DailyEnglishConversation', true, 'https://www.youtube.com/watch?v=WVC4iuz1AbQ&ab_channel=DailyEnglishConversation');
INSERT INTO thecoach.videos (id, course_id, title, urlPath, is_free, url_path) VALUES (27, 6, 'Listening skills and speak English - Everyday life English conversations', 'https://www.youtube.com/watch?v=LJDxNCJozGE&ab_channel=DailyEnglishConversation', false, 'https://www.youtube.com/watch?v=LJDxNCJozGE&ab_channel=DailyEnglishConversation');
INSERT INTO thecoach.videos (id, course_id, title, urlPath, is_free, url_path) VALUES (28, 6, 'Basic English Questions for Speaking Practice - Daily English Speaking for Beginners', 'https://www.youtube.com/watch?v=dYZaDb3a7Vo&ab_channel=DailyEnglishConversation', false, 'https://www.youtube.com/watch?v=dYZaDb3a7Vo&ab_channel=DailyEnglishConversation');
INSERT INTO thecoach.videos (id, course_id, title, urlPath, is_free, url_path) VALUES (29, 6, 'Everyday English Speaking and Listening Practice - Daily Life English Conversation Practice', 'https://www.youtube.com/watch?v=w06Rm7NiTqA&ab_channel=DailyEnglishConversation', false, 'https://www.youtube.com/watch?v=w06Rm7NiTqA&ab_channel=DailyEnglishConversation');
INSERT INTO thecoach.videos (id, course_id, title, urlPath, is_free, url_path) VALUES (30, 6, 'Basic English Conversation for Beginners - Everyday English Speaking Practice - English Conversation', 'https://www.youtube.com/watch?v=KftDkWCh2ec&ab_channel=DailyEnglishConversation', false, 'https://www.youtube.com/watch?v=KftDkWCh2ec&ab_channel=DailyEnglishConversation');
INSERT INTO thecoach.videos (id, course_id, title, urlPath, is_free, url_path) VALUES (31, 7, 'Does Your English Sound FAKE (When You Speak)? — Here\'s How to FEEL NATURAL', 'https://www.youtube.com/watch?v=ZnJCowa9RWE&ab_channel=RealLifeEnglish', true, 'https://www.youtube.com/watch?v=ZnJCowa9RWE&ab_channel=RealLifeEnglish');
INSERT INTO thecoach.videos (id, course_id, title, urlPath, is_free, url_path) VALUES (32, 7, 'How You Can Speak English If You Are SHY', 'https://www.youtube.com/watch?v=0vRilmXh6zM&ab_channel=RealLifeEnglish', false, 'https://www.youtube.com/watch?v=0vRilmXh6zM&ab_channel=RealLifeEnglish');
INSERT INTO thecoach.videos (id, course_id, title, urlPath, is_free, url_path) VALUES (33, 7, 'How I Learn 1000s New WORDS in English Watching MOVIES and SERIES', 'https://www.youtube.com/watch?v=SZQkvVt7PEQ&ab_channel=RealLifeEnglish', false, 'https://www.youtube.com/watch?v=SZQkvVt7PEQ&ab_channel=RealLifeEnglish');
INSERT INTO thecoach.videos (id, course_id, title, urlPath, is_free, url_path) VALUES (34, 7, 'The Secret to Go from Intermediate to ADVANCED English', 'https://www.youtube.com/watch?v=NqmpLPj2KJ8&list=PL2x4U6OI0-pizq28P7pe-e4kkWoK_XNjS&index=4&ab_channel=RealLifeEnglish', false, 'https://www.youtube.com/watch?v=NqmpLPj2KJ8&list=PL2x4U6OI0-pizq28P7pe-e4kkWoK_XNjS&index=4&ab_channel=RealLifeEnglish');
INSERT INTO thecoach.videos (id, course_id, title, urlPath, is_free, url_path) VALUES (35, 7, 'Learn the Rule! — FEW vs. LITTLE vs. A LITTLE', 'https://www.youtube.com/watch?v=xt2t50UIqHc&list=PL2x4U6OI0-pizq28P7pe-e4kkWoK_XNjS&index=11&ab_channel=RealLifeEnglish', false, 'https://www.youtube.com/watch?v=xt2t50UIqHc&list=PL2x4U6OI0-pizq28P7pe-e4kkWoK_XNjS&index=11&ab_channel=RealLifeEnglish');
INSERT INTO thecoach.videos (id, course_id, title, urlPath, is_free, url_path) VALUES (36, 8, 'Learn English Podcast: How to Learn Faster with Microlearning (Examples Included)', 'https://www.youtube.com/watch?v=oLyo76ZZecE&ab_channel=ToFluency', true, 'https://www.youtube.com/watch?v=oLyo76ZZecE&ab_channel=ToFluency');
INSERT INTO thecoach.videos (id, course_id, title, urlPath, is_free, url_path) VALUES (37, 8, 'Advanced Conversation: Can You Understand this Conversation about Goals?', 'https://www.youtube.com/watch?v=_Dc3aKaUhYQ&ab_channel=ToFluency', false, 'https://www.youtube.com/watch?v=_Dc3aKaUhYQ&ab_channel=ToFluency');
INSERT INTO thecoach.videos (id, course_id, title, urlPath, is_free, url_path) VALUES (38, 8, 'ENGLISH PODCAST: SECRET MEMORY TRICKS, SHADOWING, AND THE KEY TO FLUENCY', 'https://www.youtube.com/watch?v=h8_4yDCchKg&ab_channel=ToFluency', false, 'https://www.youtube.com/watch?v=h8_4yDCchKg&ab_channel=ToFluency');
INSERT INTO thecoach.videos (id, course_id, title, urlPath, is_free, url_path) VALUES (39, 8, 'Do You Have to Move to an English-Speaking Country to Become Fluent?', 'https://www.youtube.com/watch?v=E_iPrNwL7mA&ab_channel=ToFluency', false, 'https://www.youtube.com/watch?v=E_iPrNwL7mA&ab_channel=ToFluency');
INSERT INTO thecoach.videos (id, course_id, title, urlPath, is_free, url_path) VALUES (40, 8, 'Learn These 33 Essential Phrases for Better English Fluency (with Subtitles)', 'https://www.youtube.com/watch?v=nb9aU5mez8s&list=PLZOJurmtexYqc6KY_Db4-fV7F06af1FkW&index=12&ab_channel=ToFluency', false, 'https://www.youtube.com/watch?v=nb9aU5mez8s&list=PLZOJurmtexYqc6KY_Db4-fV7F06af1FkW&index=12&ab_channel=ToFluency');
INSERT INTO thecoach.videos (id, course_id, title, urlPath, is_free, url_path) VALUES (41, 9, 'English Rewind - 6 Minute English: Formality at work', 'https://www.youtube.com/watch?v=54fo91QlpeA&ab_channel=BBCLearningEnglish', true, 'https://www.youtube.com/watch?v=54fo91QlpeA&ab_channel=BBCLearningEnglish');
INSERT INTO thecoach.videos (id, course_id, title, urlPath, is_free, url_path) VALUES (42, 9, 'Sounds that make you want to scream ⏲️ 6 Minute English', 'https://www.youtube.com/watch?v=fKg0nLaQzn4&ab_channel=BBCLearningEnglish', false, 'https://www.youtube.com/watch?v=fKg0nLaQzn4&ab_channel=BBCLearningEnglish');
INSERT INTO thecoach.videos (id, course_id, title, urlPath, is_free, url_path) VALUES (43, 9, 'How fans talk about their passions ⏲️ 6 Minute English', 'https://www.youtube.com/watch?v=rCh9MQibJ3c&ab_channel=BBCLearningEnglish', false, 'https://www.youtube.com/watch?v=rCh9MQibJ3c&ab_channel=BBCLearningEnglish');
INSERT INTO thecoach.videos (id, course_id, title, urlPath, is_free, url_path) VALUES (44, 9, 'Space saving solar hacks ⏲️ 6 Minute English', 'https://www.youtube.com/watch?v=xf2RF9vx-G4&ab_channel=BBCLearningEnglish', false, 'https://www.youtube.com/watch?v=xf2RF9vx-G4&ab_channel=BBCLearningEnglish');
INSERT INTO thecoach.videos (id, course_id, title, urlPath, is_free, url_path) VALUES (45, 9, 'The stories behind our names ⏲️ 6 Minute English', 'https://www.youtube.com/watch?v=kglKCEGytsk&ab_channel=BBCLearningEnglish', false, 'https://www.youtube.com/watch?v=kglKCEGytsk&ab_channel=BBCLearningEnglish');
INSERT INTO thecoach.videos (id, course_id, title, urlPath, is_free, url_path) VALUES (46, 10, 'Instructional Classroom Language', 'https://www.youtube.com/watch?v=Ld5X3C_8OdM&ab_channel=VOALearningEnglish', true, 'https://www.youtube.com/watch?v=Ld5X3C_8OdM&ab_channel=VOALearningEnglish');
INSERT INTO thecoach.videos (id, course_id, title, urlPath, is_free, url_path) VALUES (47, 10, 'Let\'s Teach English Unit 7: Critical Thinking Skills', 'https://www.youtube.com/watch?v=J1QhLbjmqXA&ab_channel=VOALearningEnglish', false, 'https://www.youtube.com/watch?v=J1QhLbjmqXA&ab_channel=VOALearningEnglish');
INSERT INTO thecoach.videos (id, course_id, title, urlPath, is_free, url_path) VALUES (48, 10, 'Let\'s Teach English Unit 8: Visual Literacy', 'https://www.youtube.com/watch?v=mPeQFSZ7lnc&ab_channel=VOALearningEnglish', false, 'https://www.youtube.com/watch?v=mPeQFSZ7lnc&ab_channel=VOALearningEnglish');
INSERT INTO thecoach.videos (id, course_id, title, urlPath, is_free, url_path) VALUES (49, 10, 'Let\'s Teach English Unit 10: Collaboration Through Persona Poems', 'https://www.youtube.com/watch?v=jtSVdyv9oes&ab_channel=VOALearningEnglish', false, 'https://www.youtube.com/watch?v=jtSVdyv9oes&ab_channel=VOALearningEnglish');
INSERT INTO thecoach.videos (id, course_id, title, urlPath, is_free, url_path) VALUES (50, 10, 'Lesson 21: What Places Are in Your Town? Let\'s Learn English with Anna Lesson 21', 'https://www.youtube.com/watch?v=3R6NiOxVEdw&ab_channel=VOALearningEnglish', false, 'https://www.youtube.com/watch?v=3R6NiOxVEdw&ab_channel=VOALearningEnglish');
INSERT INTO thecoach.videos (id, course_id, title, urlPath, is_free, url_path) VALUES (51, 11, 'TOEFL Speaking Question 1: Templates, Tips, and Sample Answers', 'https://www.youtube.com/watch?v=RUfPjA7UODU&ab_channel=TSTPrepTOEFL', true, 'https://www.youtube.com/watch?v=RUfPjA7UODU&ab_channel=TSTPrepTOEFL');
INSERT INTO thecoach.videos (id, course_id, title, urlPath, is_free, url_path) VALUES (52, 11, 'TOEFL Speaking Question 2: Templates, Tips, and Sample Answers', 'https://www.youtube.com/watch?v=DzEWUB-k3qs&ab_channel=TSTPrepTOEFL', false, 'https://www.youtube.com/watch?v=DzEWUB-k3qs&ab_channel=TSTPrepTOEFL');
INSERT INTO thecoach.videos (id, course_id, title, urlPath, is_free, url_path) VALUES (53, 11, 'TOEFL Speaking Question 3: Templates, Tips, and Sample Answers', 'https://www.youtube.com/watch?v=AG7oEF_aykM&ab_channel=TSTPrepTOEFL', false, 'https://www.youtube.com/watch?v=AG7oEF_aykM&ab_channel=TSTPrepTOEFL');
INSERT INTO thecoach.videos (id, course_id, title, urlPath, is_free, url_path) VALUES (54, 11, 'TOEFL Speaking Question 4: Templates, Tips, and Sample Answers', 'https://www.youtube.com/watch?v=Drz021FVspk&ab_channel=TSTPrepTOEFL', false, 'https://www.youtube.com/watch?v=Drz021FVspk&ab_channel=TSTPrepTOEFL');
INSERT INTO thecoach.videos (id, course_id, title, urlPath, is_free, url_path) VALUES (55, 11, 'TOEFL Speaking 26+: Expert Secrets Revealed', 'https://www.youtube.com/watch?v=pXo6b2HvIsc&ab_channel=TSTPrepTOEFL', false, 'https://www.youtube.com/watch?v=pXo6b2HvIsc&ab_channel=TSTPrepTOEFL');
INSERT INTO thecoach.videos (id, course_id, title, urlPath, is_free, url_path) VALUES (56, 12, 'Time Management in TOEFL Reading: BEST STRATEGY', 'https://www.youtube.com/watch?v=BuKvh0NJ0BQ&list=RDCMUClgEU5L6R4RuWZGd99h7qDA&index=2&ab_channel=E2TOEFL', true, 'https://www.youtube.com/watch?v=BuKvh0NJ0BQ&list=RDCMUClgEU5L6R4RuWZGd99h7qDA&index=2&ab_channel=E2TOEFL');
INSERT INTO thecoach.videos (id, course_id, title, urlPath, is_free, url_path) VALUES (57, 12, 'How to Pass TOEFL in 2023 - NEW TIPS', 'https://www.youtube.com/watch?v=u_gLAK7nr2w&list=RDCMUClgEU5L6R4RuWZGd99h7qDA&index=4&ab_channel=E2TOEFL', false, 'https://www.youtube.com/watch?v=u_gLAK7nr2w&list=RDCMUClgEU5L6R4RuWZGd99h7qDA&index=4&ab_channel=E2TOEFL');
INSERT INTO thecoach.videos (id, course_id, title, urlPath, is_free, url_path) VALUES (58, 12, 'How to Take Better Notes in TOEFL Speaking', 'https://www.youtube.com/watch?v=2UqeFgubsm8&list=RDCMUClgEU5L6R4RuWZGd99h7qDA&index=5&ab_channel=E2TOEFL', false, 'https://www.youtube.com/watch?v=2UqeFgubsm8&list=RDCMUClgEU5L6R4RuWZGd99h7qDA&index=5&ab_channel=E2TOEFL');
INSERT INTO thecoach.videos (id, course_id, title, urlPath, is_free, url_path) VALUES (59, 12, 'Understand TOEFL Speaking in JUST 11 Minutes!', 'https://www.youtube.com/watch?v=x2wFJZPYLRs&list=RDCMUClgEU5L6R4RuWZGd99h7qDA&index=10&ab_channel=E2TOEFL', false, 'https://www.youtube.com/watch?v=x2wFJZPYLRs&list=RDCMUClgEU5L6R4RuWZGd99h7qDA&index=10&ab_channel=E2TOEFL');
INSERT INTO thecoach.videos (id, course_id, title, urlPath, is_free, url_path) VALUES (60, 12, 'Get a High Score in TOEFL Listening!', 'https://www.youtube.com/watch?v=wHLkxq0HL5E&list=RDCMUClgEU5L6R4RuWZGd99h7qDA&index=16&ab_channel=E2TOEFL', false, 'https://www.youtube.com/watch?v=wHLkxq0HL5E&list=RDCMUClgEU5L6R4RuWZGd99h7qDA&index=16&ab_channel=E2TOEFL');
INSERT INTO thecoach.videos (id, course_id, title, urlPath, is_free, url_path) VALUES (61, 13, 'TOEFL Writing Task 2 - How to Boost Your Score', 'https://www.youtube.com/watch?v=4ATCGq80XbM&ab_channel=IELTSandTOEFLwithJuva', true, 'https://www.youtube.com/watch?v=4ATCGq80XbM&ab_channel=IELTSandTOEFLwithJuva');
INSERT INTO thecoach.videos (id, course_id, title, urlPath, is_free, url_path) VALUES (62, 13, 'TOEFL Writing Task 2 – 4 Questions You NEED to Know to Get a High Score', 'https://www.youtube.com/watch?v=TI4Q8B4q7-Q&ab_channel=IELTSandTOEFLwithJuva', false, 'https://www.youtube.com/watch?v=TI4Q8B4q7-Q&ab_channel=IELTSandTOEFLwithJuva');
INSERT INTO thecoach.videos (id, course_id, title, urlPath, is_free, url_path) VALUES (63, 13, 'TOEFL Writing Task 2: Don\'t Make These 8 Mistakes!', 'https://www.youtube.com/watch?v=mVmXNCGjWIQ&list=UULFOPB7UX9lyG4U67BQI8LCqw&index=14&ab_channel=IELTSandTOEFLwithJuva', false, 'https://www.youtube.com/watch?v=mVmXNCGjWIQ&list=UULFOPB7UX9lyG4U67BQI8LCqw&index=14&ab_channel=IELTSandTOEFLwithJuva');
INSERT INTO thecoach.videos (id, course_id, title, urlPath, is_free, url_path) VALUES (64, 13, 'TOEFL Writing - Don\'t Use “Very” - Use THIS instead!', 'https://www.youtube.com/watch?v=18vL9ueSz5c&list=UULFOPB7UX9lyG4U67BQI8LCqw&index=21&ab_channel=IELTSandTOEFLwithJuva', false, 'https://www.youtube.com/watch?v=18vL9ueSz5c&list=UULFOPB7UX9lyG4U67BQI8LCqw&index=21&ab_channel=IELTSandTOEFLwithJuva');
INSERT INTO thecoach.videos (id, course_id, title, urlPath, is_free, url_path) VALUES (65, 13, 'TOEFL - 5 Grammar Mistakes You Must Avoid!', 'https://www.youtube.com/watch?v=p5eG7QRJpkM&list=UULFOPB7UX9lyG4U67BQI8LCqw&index=23&ab_channel=IELTSandTOEFLwithJuva', false, 'https://www.youtube.com/watch?v=p5eG7QRJpkM&list=UULFOPB7UX9lyG4U67BQI8LCqw&index=23&ab_channel=IELTSandTOEFLwithJuva');
INSERT INTO thecoach.videos (id, course_id, title, urlPath, is_free, url_path) VALUES (66, 14, 'TOEFL® Speaking Question 1 │Inside the TOEFL Test (Updated)', 'https://www.youtube.com/watch?v=NHPwR3En_1A&ab_channel=TOEFLTVOfficial', true, 'https://www.youtube.com/watch?v=NHPwR3En_1A&ab_channel=TOEFLTVOfficial');
INSERT INTO thecoach.videos (id, course_id, title, urlPath, is_free, url_path) VALUES (67, 14, 'TOEFL iBT Writing Question 2 | Inside the TOEFL Test', 'https://www.youtube.com/watch?v=tEHmx27RgFE&list=TLPQMTIxMDIwMjOWwzAmbNQJMQ&index=1&ab_channel=TOEFLTVOfficial', false, 'https://www.youtube.com/watch?v=tEHmx27RgFE&list=TLPQMTIxMDIwMjOWwzAmbNQJMQ&index=1&ab_channel=TOEFLTVOfficial');
INSERT INTO thecoach.videos (id, course_id, title, urlPath, is_free, url_path) VALUES (68, 14, 'TOEFL® Speaking Questions 3 & 4 │Inside the TOEFL® Test (Updated)', 'https://www.youtube.com/watch?v=kkQRIDDPe7Q&list=PL499345C34BF71B4C&index=5&ab_channel=TOEFLTVOfficial', false, 'https://www.youtube.com/watch?v=kkQRIDDPe7Q&list=PL499345C34BF71B4C&index=5&ab_channel=TOEFLTVOfficial');
INSERT INTO thecoach.videos (id, course_id, title, urlPath, is_free, url_path) VALUES (69, 14, 'TOEFL® Reading Questions - Prose Summary │Inside the TOEFL® Test', 'https://www.youtube.com/watch?v=W0NFBxRxnXQ&list=PL499345C34BF71B4C&index=6&ab_channel=TOEFLTVOfficial', false, 'https://www.youtube.com/watch?v=W0NFBxRxnXQ&list=PL499345C34BF71B4C&index=6&ab_channel=TOEFLTVOfficial');
INSERT INTO thecoach.videos (id, course_id, title, urlPath, is_free, url_path) VALUES (70, 14, 'TOEFL® Listening Questions - Organization │Inside the TOEFL® Test', 'https://www.youtube.com/watch?v=CXPipNWbyuk&list=PL499345C34BF71B4C&index=14&ab_channel=TOEFLTVOfficial', false, 'https://www.youtube.com/watch?v=CXPipNWbyuk&list=PL499345C34BF71B4C&index=14&ab_channel=TOEFLTVOfficial');
INSERT INTO thecoach.videos (id, course_id, title, urlPath, is_free, url_path) VALUES (71, 15, 'Strategies for the Summary Question in TOEFL Reading', 'https://www.youtube.com/watch?v=LuLfdP8ft2M&t=1s&ab_channel=KathyTOEFLTeacher', true, 'https://www.youtube.com/watch?v=LuLfdP8ft2M&t=1s&ab_channel=KathyTOEFLTeacher');
INSERT INTO thecoach.videos (id, course_id, title, urlPath, is_free, url_path) VALUES (72, 15, 'Changes coming to the TOEFL iBT in July 2023', 'https://www.youtube.com/watch?v=0bmuN9KAUrE&ab_channel=KathyTOEFLTeacher', false, 'https://www.youtube.com/watch?v=0bmuN9KAUrE&ab_channel=KathyTOEFLTeacher');
INSERT INTO thecoach.videos (id, course_id, title, urlPath, is_free, url_path) VALUES (73, 15, 'The problem with "a" and how to fix it for TOEFL', 'https://www.youtube.com/watch?v=rpjB77UV3gQ&ab_channel=KathyTOEFLTeacher', false, 'https://www.youtube.com/watch?v=rpjB77UV3gQ&ab_channel=KathyTOEFLTeacher');
INSERT INTO thecoach.videos (id, course_id, title, urlPath, is_free, url_path) VALUES (74, 15, 'How to come up with ideas for Prompt One in the TOEFL ibt', 'https://www.youtube.com/watch?v=-u-GL3Htpvk&ab_channel=KathyTOEFLTeacher', false, 'https://www.youtube.com/watch?v=-u-GL3Htpvk&ab_channel=KathyTOEFLTeacher');
INSERT INTO thecoach.videos (id, course_id, title, urlPath, is_free, url_path) VALUES (75, 15, 'TOEFL speaking One and Two Samples with Kathy', 'https://www.youtube.com/watch?v=0o4iVhvj54I&ab_channel=KathyTOEFLTeacher', false, 'https://www.youtube.com/watch?v=0o4iVhvj54I&ab_channel=KathyTOEFLTeacher');
INSERT INTO thecoach.videos (id, course_id, title, urlPath, is_free, url_path) VALUES (76, 16, 'TOEIC Writing Tips: Writing an Opinion Essay', 'https://www.youtube.com/watch?v=ozPfrkr4Rvw&ab_channel=E2TOEIC', true, 'https://www.youtube.com/watch?v=ozPfrkr4Rvw&ab_channel=E2TOEIC');
INSERT INTO thecoach.videos (id, course_id, title, urlPath, is_free, url_path) VALUES (77, 16, 'TOEIC Reading Tips: Single and Multi Reading Comprehension', 'https://www.youtube.com/watch?v=HVD7h5VNT5A&ab_channel=E2TOEIC', false, 'https://www.youtube.com/watch?v=HVD7h5VNT5A&ab_channel=E2TOEIC');
INSERT INTO thecoach.videos (id, course_id, title, urlPath, is_free, url_path) VALUES (78, 16, 'TOEIC Speaking Tips: Respond to Questions with Information', 'https://www.youtube.com/watch?v=mYwOMt14orU&ab_channel=E2TOEIC', false, 'https://www.youtube.com/watch?v=mYwOMt14orU&ab_channel=E2TOEIC');
INSERT INTO thecoach.videos (id, course_id, title, urlPath, is_free, url_path) VALUES (79, 16, 'How to Pass TOEIC in 2023 - NEW TIPS', 'https://www.youtube.com/watch?v=1HMnDELvTag&ab_channel=E2TOEIC', false, 'https://www.youtube.com/watch?v=1HMnDELvTag&ab_channel=E2TOEIC');
INSERT INTO thecoach.videos (id, course_id, title, urlPath, is_free, url_path) VALUES (80, 16, 'TOEIC Speaking Test - Tips & Strategies for Read Aloud', 'https://www.youtube.com/watch?v=yAy4Is9pQco&ab_channel=E2TOEIC', false, 'https://www.youtube.com/watch?v=yAy4Is9pQco&ab_channel=E2TOEIC');
INSERT INTO thecoach.videos (id, course_id, title, urlPath, is_free, url_path) VALUES (81, 17, 'TOEIC TIPS: ANSWERING TWO DIFFICULT QUESTIONS', 'https://www.youtube.com/watch?v=b1LOTU2oSAc&ab_channel=TOEICandEnglishImprovement', true, 'https://www.youtube.com/watch?v=b1LOTU2oSAc&ab_channel=TOEICandEnglishImprovement');
INSERT INTO thecoach.videos (id, course_id, title, urlPath, is_free, url_path) VALUES (82, 17, '15 ENGLISH MISTAKES THAT ADVANCED AND INTERMEDIATE SPEAKERS OFTEN MAKE', 'https://www.youtube.com/watch?v=at6dHFGcBWM&ab_channel=TOEICandEnglishImprovement', false, 'https://www.youtube.com/watch?v=at6dHFGcBWM&ab_channel=TOEICandEnglishImprovement');
INSERT INTO thecoach.videos (id, course_id, title, urlPath, is_free, url_path) VALUES (83, 17, 'ENGLISH MISTAKES FROM THE BEST! 10 Common Mistakes by Intermediate English Speakers', 'https://www.youtube.com/watch?v=cs1uxTakW7o&ab_channel=TOEICandEnglishImprovement', false, 'https://www.youtube.com/watch?v=cs1uxTakW7o&ab_channel=TOEICandEnglishImprovement');
INSERT INTO thecoach.videos (id, course_id, title, urlPath, is_free, url_path) VALUES (84, 17, '4 MISTAKES ADVANCED ENGLISH SPEAKERS MAKE: Do you make the same mistakes?', 'https://www.youtube.com/watch?v=qDCrFTSsqIE&ab_channel=TOEICandEnglishImprovement', false, 'https://www.youtube.com/watch?v=qDCrFTSsqIE&ab_channel=TOEICandEnglishImprovement');
INSERT INTO thecoach.videos (id, course_id, title, urlPath, is_free, url_path) VALUES (85, 17, 'TOEIC STUDENTS USUALLY GET THIS ANSWER WRONG, BUT THEY DON\'T HAVE TO. Tips to answer 2 questions.', 'https://www.youtube.com/watch?v=z87kZlqezEI&ab_channel=TOEICandEnglishImprovement', false, 'https://www.youtube.com/watch?v=z87kZlqezEI&ab_channel=TOEICandEnglishImprovement');
INSERT INTO thecoach.videos (id, course_id, title, urlPath, is_free, url_path) VALUES (86, 18, 'TOEIC Reading: Part 6 (2023) | Get a High Score!', 'https://www.youtube.com/watch?v=uWiOyGfr2Yo&ab_channel=TomWallace%7CEnglish', true, 'https://www.youtube.com/watch?v=uWiOyGfr2Yo&ab_channel=TomWallace%7CEnglish');
INSERT INTO thecoach.videos (id, course_id, title, urlPath, is_free, url_path) VALUES (87, 18, 'TOEIC Listening Section | Tips & Practice Test with Answers', 'https://www.youtube.com/watch?v=Zd84XC76c8I&ab_channel=TomWallace%7CEnglish', false, 'https://www.youtube.com/watch?v=Zd84XC76c8I&ab_channel=TomWallace%7CEnglish');
INSERT INTO thecoach.videos (id, course_id, title, urlPath, is_free, url_path) VALUES (88, 18, 'TOEIC Listening: Part 3 (Tips for Success!)', 'https://www.youtube.com/watch?v=EuySLyz_MBI&t=2s&ab_channel=TomWallace%7CEnglish', false, 'https://www.youtube.com/watch?v=EuySLyz_MBI&t=2s&ab_channel=TomWallace%7CEnglish');
INSERT INTO thecoach.videos (id, course_id, title, urlPath, is_free, url_path) VALUES (89, 18, 'TOEIC Listening: Part 4 (Tips for Success!)', 'https://www.youtube.com/watch?v=CewLSTMFdNM&ab_channel=TomWallace%7CEnglish', false, 'https://www.youtube.com/watch?v=CewLSTMFdNM&ab_channel=TomWallace%7CEnglish');
INSERT INTO thecoach.videos (id, course_id, title, urlPath, is_free, url_path) VALUES (90, 18, 'TOEIC Reading: Part 5 (2023) | Get a High Score! | Tips & Practice Test with Answers', 'https://www.youtube.com/watch?v=2VS_wqkhjGc&ab_channel=TomWallace%7CEnglish', false, 'https://www.youtube.com/watch?v=2VS_wqkhjGc&ab_channel=TomWallace%7CEnglish');
INSERT INTO thecoach.videos (id, course_id, title, urlPath, is_free, url_path) VALUES (91, 19, 'Romantic Phrasal Verbs in English', 'https://www.youtube.com/watch?v=uNY17Cqone4&ab_channel=HappyEnglishMichaelDiGiacomo', true, 'https://www.youtube.com/watch?v=uNY17Cqone4&ab_channel=HappyEnglishMichaelDiGiacomo');
INSERT INTO thecoach.videos (id, course_id, title, urlPath, is_free, url_path) VALUES (92, 19, 'American English Speaking Practice: How To Pronounce OF', 'https://www.youtube.com/watch?v=iO2GD-vZ0yU&ab_channel=HappyEnglishMichaelDiGiacomo', false, 'https://www.youtube.com/watch?v=iO2GD-vZ0yU&ab_channel=HappyEnglishMichaelDiGiacomo');
INSERT INTO thecoach.videos (id, course_id, title, urlPath, is_free, url_path) VALUES (93, 19, 'Prepositions in English Grammar: Using IN + TIME PERIOD', 'https://www.youtube.com/watch?v=8KNaZMBZa1Q&ab_channel=HappyEnglishMichaelDiGiacomo', false, 'https://www.youtube.com/watch?v=8KNaZMBZa1Q&ab_channel=HappyEnglishMichaelDiGiacomo');
INSERT INTO thecoach.videos (id, course_id, title, urlPath, is_free, url_path) VALUES (94, 19, 'Prepositions in English Grammar: Move in, Move out, Move up, Move over', 'https://www.youtube.com/watch?v=e6Gwz-sDuq0&ab_channel=HappyEnglishMichaelDiGiacomo', false, 'https://www.youtube.com/watch?v=e6Gwz-sDuq0&ab_channel=HappyEnglishMichaelDiGiacomo');
INSERT INTO thecoach.videos (id, course_id, title, urlPath, is_free, url_path) VALUES (95, 19, 'See vs. Watch vs. Look & Hear vs. Listen - Word Wednesday Vocabulary Lesson', 'https://www.youtube.com/watch?v=QkwZzOBUqbE&list=PLFw9mwbs1DvCeaGB-QspwHtl6FA02AeIY&index=5&ab_channel=HappyEnglishMichaelDiGiacomo', false, 'https://www.youtube.com/watch?v=QkwZzOBUqbE&list=PLFw9mwbs1DvCeaGB-QspwHtl6FA02AeIY&index=5&ab_channel=HappyEnglishMichaelDiGiacomo');
INSERT INTO thecoach.videos (id, course_id, title, urlPath, is_free, url_path) VALUES (96, 20, 'Strategies for the TOEIC Listening & Reading Test - PART 1: Photographs', 'https://www.youtube.com/watch?v=tvLb0iGnwQo&ab_channel=MORKSENSEI', true, 'https://www.youtube.com/watch?v=tvLb0iGnwQo&ab_channel=MORKSENSEI');
INSERT INTO thecoach.videos (id, course_id, title, urlPath, is_free, url_path) VALUES (97, 20, 'Strategies for the TOEIC Listening & Reading Test PART 2 Question Response', 'https://www.youtube.com/watch?v=i2U0jCw8mCE&ab_channel=MORKSENSEI', false, 'https://www.youtube.com/watch?v=i2U0jCw8mCE&ab_channel=MORKSENSEI');
INSERT INTO thecoach.videos (id, course_id, title, urlPath, is_free, url_path) VALUES (98, 20, 'Strategies for the TOEIC Listening & Reading Test - PART 3: Conversations', 'https://www.youtube.com/watch?v=lR6MUWc9nZg&ab_channel=MORKSENSEI', false, 'https://www.youtube.com/watch?v=lR6MUWc9nZg&ab_channel=MORKSENSEI');
INSERT INTO thecoach.videos (id, course_id, title, urlPath, is_free, url_path) VALUES (99, 20, 'TOEIC Strategies - Know the Test!', 'https://www.youtube.com/watch?v=yH5r1xM3V8M&t=258s&ab_channel=MORKSENSEI', false, 'https://www.youtube.com/watch?v=yH5r1xM3V8M&t=258s&ab_channel=MORKSENSEI');
INSERT INTO thecoach.videos (id, course_id, title, urlPath, is_free, url_path) VALUES (100, 20, 'How to Sound like a Native English Speaker - 5 Tips from Dr. Stephen Krashen', 'https://www.youtube.com/watch?v=XcF4RDPfs1k&ab_channel=MORKSENSEI', false, 'https://www.youtube.com/watch?v=XcF4RDPfs1k&ab_channel=MORKSENSEI');
INSERT INTO thecoach.videos (id, course_id, title, urlPath, is_free, url_path) VALUES (101, 21, 'Get Band 9 After Using These Listening Tips', 'https://www.youtube.com/watch?v=q7xCHfDRdug&t=18s&ab_channel=IELTSAdvantage', true, 'https://www.youtube.com/watch?v=q7xCHfDRdug&t=18s&ab_channel=IELTSAdvantage');
INSERT INTO thecoach.videos (id, course_id, title, urlPath, is_free, url_path) VALUES (102, 21, 'Top 10 IELTS Cue Cards + Answers (2023)', 'https://www.youtube.com/watch?v=aAHcvNFNFVA&ab_channel=IELTSAdvantage', false, 'https://www.youtube.com/watch?v=aAHcvNFNFVA&ab_channel=IELTSAdvantage');
INSERT INTO thecoach.videos (id, course_id, title, urlPath, is_free, url_path) VALUES (103, 21, 'Most Band 9 Students Use These 20 Words', 'https://www.youtube.com/watch?v=AaZvMJNxALs&ab_channel=IELTSAdvantage', false, 'https://www.youtube.com/watch?v=AaZvMJNxALs&ab_channel=IELTSAdvantage');
INSERT INTO thecoach.videos (id, course_id, title, urlPath, is_free, url_path) VALUES (104, 21, 'How Do I Get a Band 9 in IELTS Writing Task 2?', 'https://www.youtube.com/watch?v=1aQZ7_tfgps&list=PLWWR_9t3vo3MPSTuHt5gnHRY-qXbGIIS8&ab_channel=IELTSAdvantage', false, 'https://www.youtube.com/watch?v=1aQZ7_tfgps&list=PLWWR_9t3vo3MPSTuHt5gnHRY-qXbGIIS8&ab_channel=IELTSAdvantage');
INSERT INTO thecoach.videos (id, course_id, title, urlPath, is_free, url_path) VALUES (105, 21, 'Key Insights after Marking Over 10,000 Essays', 'https://www.youtube.com/watch?v=kpRmyUNDmwc&ab_channel=IELTSAdvantage', false, 'https://www.youtube.com/watch?v=kpRmyUNDmwc&ab_channel=IELTSAdvantage');
INSERT INTO thecoach.videos (id, course_id, title, urlPath, is_free, url_path) VALUES (106, 22, 'The quiet power of introverts | BBC Ideas', 'https://www.youtube.com/watch?v=o1Y4Z0oh1GE&ab_channel=BBCIdeas', true, 'https://www.youtube.com/watch?v=o1Y4Z0oh1GE&ab_channel=BBCIdeas');
INSERT INTO thecoach.videos (id, course_id, title, urlPath, is_free, url_path) VALUES (107, 22, '5 Advanced Idioms for IELTS Speaking', 'https://www.youtube.com/watch?v=up8YOiCgz8Q&ab_channel=EnglishSpeakingSuccess', false, 'https://www.youtube.com/watch?v=up8YOiCgz8Q&ab_channel=EnglishSpeakingSuccess');
INSERT INTO thecoach.videos (id, course_id, title, urlPath, is_free, url_path) VALUES (108, 22, '15 Useful Phrases for IELTS Speaking PART 1', 'https://www.youtube.com/watch?v=lITCDZGepmg&t=9s&ab_channel=EnglishSpeakingSuccess', false, 'https://www.youtube.com/watch?v=lITCDZGepmg&t=9s&ab_channel=EnglishSpeakingSuccess');
INSERT INTO thecoach.videos (id, course_id, title, urlPath, is_free, url_path) VALUES (109, 22, '20 Essential English Phrases to talk about The Economy', 'https://www.youtube.com/watch?v=jjHrmSyew8M&ab_channel=EnglishSpeakingSuccess', false, 'https://www.youtube.com/watch?v=jjHrmSyew8M&ab_channel=EnglishSpeakingSuccess');
INSERT INTO thecoach.videos (id, course_id, title, urlPath, is_free, url_path) VALUES (110, 22, 'Describing Books in English: Essential Idioms', 'https://www.youtube.com/watch?v=xbhqcffTEt8&ab_channel=EnglishSpeakingSuccess', false, 'https://www.youtube.com/watch?v=xbhqcffTEt8&ab_channel=EnglishSpeakingSuccess');
INSERT INTO thecoach.videos (id, course_id, title, urlPath, is_free, url_path) VALUES (111, 23, 'How to Prepare for IELTS FAST', 'https://www.youtube.com/watch?v=UNwa3Iw0c4E&ab_channel=E2IELTS', true, 'https://www.youtube.com/watch?v=UNwa3Iw0c4E&ab_channel=E2IELTS');
INSERT INTO thecoach.videos (id, course_id, title, urlPath, is_free, url_path) VALUES (112, 23, 'IELTS Reading Test - Tips & Strategies for True, False, Not Given', 'https://www.youtube.com/watch?v=aLLTq-l0IeY&list=RDCMUCglDIsg_Z9mE2oT9hsrbzFA&index=1&ab_channel=E2IELTS', false, 'https://www.youtube.com/watch?v=aLLTq-l0IeY&list=RDCMUCglDIsg_Z9mE2oT9hsrbzFA&index=1&ab_channel=E2IELTS');
INSERT INTO thecoach.videos (id, course_id, title, urlPath, is_free, url_path) VALUES (113, 23, 'IELTS Reading: Don\'t Make These 10 Mistakes!', 'https://www.youtube.com/watch?v=1-NajlaQajg&list=RDCMUCglDIsg_Z9mE2oT9hsrbzFA&index=2&ab_channel=E2IELTS', false, 'https://www.youtube.com/watch?v=1-NajlaQajg&list=RDCMUCglDIsg_Z9mE2oT9hsrbzFA&index=2&ab_channel=E2IELTS');
INSERT INTO thecoach.videos (id, course_id, title, urlPath, is_free, url_path) VALUES (114, 23, 'Understand IELTS Listening in JUST 50 minutes!', 'https://www.youtube.com/watch?v=82YKeI784YU&list=RDCMUCglDIsg_Z9mE2oT9hsrbzFA&index=8&ab_channel=E2IELTS', false, 'https://www.youtube.com/watch?v=82YKeI784YU&list=RDCMUCglDIsg_Z9mE2oT9hsrbzFA&index=8&ab_channel=E2IELTS');
INSERT INTO thecoach.videos (id, course_id, title, urlPath, is_free, url_path) VALUES (115, 23, 'Top 20 IELTS Speaking Topics with Answers', 'https://www.youtube.com/watch?v=iT5dk3nkYfQ&list=RDCMUCglDIsg_Z9mE2oT9hsrbzFA&index=9&ab_channel=E2IELTS', false, 'https://www.youtube.com/watch?v=iT5dk3nkYfQ&list=RDCMUCglDIsg_Z9mE2oT9hsrbzFA&index=9&ab_channel=E2IELTS');
INSERT INTO thecoach.videos (id, course_id, title, urlPath, is_free, url_path) VALUES (116, 24, 'IELTS Listening MAPS: New Strategy + Practice', 'https://www.youtube.com/watch?v=twjWvYQ-saM&ab_channel=FastrackIELTS', true, 'https://www.youtube.com/watch?v=twjWvYQ-saM&ab_channel=FastrackIELTS');
INSERT INTO thecoach.videos (id, course_id, title, urlPath, is_free, url_path) VALUES (117, 24, 'The Ultimate Guide to IELTS Speaking 2023', 'https://www.youtube.com/watch?v=t6I_NYvP-UA&list=PLGHMg8AQ02x1ErPUMjxa9De0OBnzoSfmk&index=3&ab_channel=FastrackIELTS', false, 'https://www.youtube.com/watch?v=t6I_NYvP-UA&list=PLGHMg8AQ02x1ErPUMjxa9De0OBnzoSfmk&index=3&ab_channel=FastrackIELTS');
INSERT INTO thecoach.videos (id, course_id, title, urlPath, is_free, url_path) VALUES (118, 24, 'Avoid This Dangerous IELTS Speaking Part 2 Mistake (+Sample Answer)', 'https://www.youtube.com/watch?v=MdgjT-JjIFI&list=PLGHMg8AQ02x1ErPUMjxa9De0OBnzoSfmk&index=5&ab_channel=FastrackIELTS', false, 'https://www.youtube.com/watch?v=MdgjT-JjIFI&list=PLGHMg8AQ02x1ErPUMjxa9De0OBnzoSfmk&index=5&ab_channel=FastrackIELTS');
INSERT INTO thecoach.videos (id, course_id, title, urlPath, is_free, url_path) VALUES (119, 24, 'Band 9 IELTS Speaking SAMPLE ANSWERS | HOME', 'https://www.youtube.com/watch?v=W9MdwFZb2g8&list=PLGHMg8AQ02x1ErPUMjxa9De0OBnzoSfmk&index=8&ab_channel=FastrackIELTS', false, 'https://www.youtube.com/watch?v=W9MdwFZb2g8&list=PLGHMg8AQ02x1ErPUMjxa9De0OBnzoSfmk&index=8&ab_channel=FastrackIELTS');
INSERT INTO thecoach.videos (id, course_id, title, urlPath, is_free, url_path) VALUES (120, 24, 'IELTS Speaking Questions 2023 | Sample Answers & Vocabulary', 'https://www.youtube.com/watch?v=XtpPmbOiqbw&ab_channel=FastrackIELTS', false, 'https://www.youtube.com/watch?v=XtpPmbOiqbw&ab_channel=FastrackIELTS');
INSERT INTO thecoach.videos (id, course_id, title, urlPath, is_free, url_path) VALUES (121, 25, 'How to Use the Correct GRAMMAR in IELTS SPEAKING', 'https://www.youtube.com/watch?v=Ykkd3tzpS-4&ab_channel=EnglishSpeakingSuccess', true, 'https://www.youtube.com/watch?v=Ykkd3tzpS-4&ab_channel=EnglishSpeakingSuccess');
INSERT INTO thecoach.videos (id, course_id, title, urlPath, is_free, url_path) VALUES (122, 25, '15 Useful Phrases for IELTS Speaking PART 1', 'https://www.youtube.com/watch?v=lITCDZGepmg&ab_channel=EnglishSpeakingSuccess', false, 'https://www.youtube.com/watch?v=lITCDZGepmg&ab_channel=EnglishSpeakingSuccess');
INSERT INTO thecoach.videos (id, course_id, title, urlPath, is_free, url_path) VALUES (123, 25, '10 Useful PHRASAL VERBS for Any Topic in IELTS Speaking', 'https://www.youtube.com/watch?v=xwy3_Ifmp9g&ab_channel=EnglishSpeakingSuccess', false, 'https://www.youtube.com/watch?v=xwy3_Ifmp9g&ab_channel=EnglishSpeakingSuccess');
INSERT INTO thecoach.videos (id, course_id, title, urlPath, is_free, url_path) VALUES (124, 25, 'IELTS Speaking Part 2: Awesome Tips and Useful Phrases', 'https://www.youtube.com/watch?v=XCDdGC3_BZ8&ab_channel=EnglishSpeakingSuccess', false, 'https://www.youtube.com/watch?v=XCDdGC3_BZ8&ab_channel=EnglishSpeakingSuccess');
INSERT INTO thecoach.videos (id, course_id, title, urlPath, is_free, url_path) VALUES (125, 25, 'Useful IDIOMS for Any Topic in IELTS Speaking', 'https://www.youtube.com/watch?v=6zoe5WQ1c8E&list=RDCMUCiVm8XcbwS8-pcDEa5lFXIA&index=6&ab_channel=EnglishSpeakingSuccess', false, 'https://www.youtube.com/watch?v=6zoe5WQ1c8E&list=RDCMUCiVm8XcbwS8-pcDEa5lFXIA&index=6&ab_channel=EnglishSpeakingSuccess');



